Date,SPY,XLB,XLE,XLF,XLI,XLK,XLP,XLU,XLV,XLY
1999-01-31,79.55998229980469,5.821026802062988,5.41347074508667,11.476545333862305,15.104007720947266,14.08594799041748,14.222308158874512,5.805395603179932,18.353246688842773,10.136302947998047
1999-02-28,77.00860595703125,5.911506175994873,5.366936683654785,11.657035827636719,15.23999309539795,12.688990592956543,14.073049545288086,5.645418643951416,18.374290466308594,10.072879791259766
1999-03-31,80.20201110839844,6.017857074737549,6.125666618347168,12.034852027893066,15.56009578704834,13.631935119628906,14.056353569030762,5.289259910583496,18.858383178710938,10.562898635864258
1999-04-30,83.24759674072266,7.505023956298828,7.0324554443359375,12.879401206970215,17.899967193603516,13.713419914245605,13.566208839416504,5.800232410430908,19.53190040588379,10.839962005615234
1999-05-31,81.3441162109375,6.821965217590332,6.880676746368408,12.1027193069458,17.54898452758789,13.759988784790039,13.424986839294434,5.868355751037598,18.93204689025879,10.349333763122559
1999-06-30,85.84886169433594,7.216192245483398,7.021141529083252,12.627799034118652,18.62564468383789,15.081282615661621,13.662064552307129,6.1099982261657715,19.76342010498047,11.016389846801758
1999-07-31,83.18559265136719,7.133799076080322,7.1541290283203125,11.856518745422363,17.942317962646484,14.906657218933105,13.153277397155762,6.128691673278809,19.174091339111328,10.195649147033691
1999-08-31,82.75479888916016,6.812887191772461,7.232362747192383,11.334776878356934,18.088743209838867,15.430513381958008,13.378475189208984,5.835812091827393,18.31114387512207,9.802621841430664
1999-09-30,80.90631866455078,6.5992255210876465,6.899737358093262,10.7429780960083,17.995450973510742,15.366486549377441,12.171590805053711,5.984228610992432,18.058582305908203,9.660341262817383
1999-10-31,86.09064483642578,6.7558274269104,6.797579765319824,12.412086486816406,17.604248046875,15.832140922546387,13.283416748046875,6.015626430511475,18.974151611328125,10.516976356506348
1999-11-30,87.52413940429688,6.660123825073242,6.7857890129089355,11.865829467773438,17.213043212890625,17.386255264282227,13.32520866394043,5.817821979522705,19.195133209228516,10.522765159606934
1999-12-31,92.52253723144531,7.4307708740234375,6.833395004272461,11.581948280334473,18.606782913208008,20.06995964050293,12.358059883117676,5.690624237060547,20.927011489868164,11.521158218383789
2000-01-31,87.9161605834961,6.522129058837891,6.888562202453613,11.239291191101074,17.08486557006836,18.835960388183594,12.46705436706543,5.589517116546631,20.397756576538086,10.089703559875488
2000-02-29,86.57752227783203,5.866861343383789,6.5969414710998535,10.036166191101074,16.142248153686523,20.815013885498047,11.008233070373535,4.910177707672119,19.064010620117188,9.52755069732666
2000-03-31,94.96818542480469,6.4587860107421875,7.41776180267334,11.869012832641602,18.389358520507812,22.561235427856445,11.422061920166016,5.446551322937012,20.778827667236328,10.87586784362793
2000-04-30,91.6328125,6.244225978851318,7.3070502281188965,11.98365592956543,18.65500831604004,20.48905372619629,12.027652740478516,5.803077697753906,20.535362243652344,10.649404525756836
2000-05-31,90.19212341308594,6.047177314758301,8.165070533752441,12.251141548156738,18.5762996673584,18.35865020751953,12.885565757751465,5.790341854095459,19.984926223754883,10.074548721313477
2000-06-30,91.96724700927734,5.5300726890563965,7.715860366821289,11.65694808959961,17.84566879272461,20.186370849609375,13.615056991577148,5.593660354614258,20.02727508544922,9.529492378234863
2000-07-31,90.52317810058594,5.578461647033691,7.421846389770508,12.684598922729492,18.12173843383789,19.1153564453125,13.117657661437988,5.680261611938477,19.73088264465332,9.680755615234375
2000-08-31,96.43799591064453,5.706049919128418,8.23237133026123,13.972991943359375,19.916160583496094,21.05948829650879,12.957488059997559,5.901569366455078,20.42951202392578,9.279332160949707
2000-09-30,91.1471939086914,5.146670818328857,8.36772346496582,14.276765823364258,19.33775520324707,17.2760009765625,13.531447410583496,6.681417465209961,19.68854522705078,9.290696144104004
2000-10-31,90.7208251953125,5.598056793212891,8.140271186828613,14.153693199157715,19.772762298583984,16.28646469116211,14.470778465270996,7.069498538970947,19.984926223754883,9.174057960510254
2000-11-30,83.94823455810547,5.45644474029541,7.713305950164795,13.430614471435547,19.100482940673828,12.945353507995605,14.97005558013916,7.066263198852539,18.164257049560547,8.946598052978516
2000-12-31,83.50947570800781,6.225196361541748,8.500797271728516,14.57662582397461,19.85506820678711,11.664791107177734,15.514603614807129,6.9698381423950195,18.4639949798584,9.577068328857422
2001-01-31,87.22221374511719,6.05900764465332,8.2299222946167,14.542043685913086,19.931324005126953,13.89530086517334,14.38342571258545,6.577639102935791,19.7988224029541,10.69076919555664
2001-02-28,78.90235137939453,6.13746976852417,8.130029678344727,13.563679695129395,18.736827850341797,10.434517860412598,14.47033977508545,6.714145183563232,19.41937255859375,9.927408218383789
2001-03-31,74.48091125488281,5.830102920532227,7.88748836517334,13.157411575317383,16.942413330078125,9.23869514465332,13.466716766357422,6.6178975105285645,18.17594337463379,9.78264331817627
2001-04-30,80.84452819824219,6.451944828033447,8.701929092407227,13.63334846496582,18.879411697387695,10.732538223266602,13.728205680847168,6.9372639656066895,19.51778221130371,10.236342430114746
2001-05-31,80.39134216308594,6.700096130371094,8.619708061218262,14.233206748962402,19.669504165649414,10.292953491210938,13.929778099060059,6.985909938812256,20.263263702392578,10.480067253112793
2001-06-30,78.47566223144531,6.468857765197754,7.834185600280762,14.131356239318848,18.45416259765625,10.494121551513672,13.28547477722168,6.635389804840088,20.03436279296875,10.397541046142578
2001-07-31,77.6755599975586,6.451263427734375,7.743839263916016,13.997008323669434,18.415857315063477,9.767690658569336,13.689894676208496,6.575745105743408,19.634355545043945,10.8597412109375
2001-08-31,73.06690216064453,6.42487096786499,7.416018009185791,13.071503639221191,17.783689498901367,8.57559871673584,13.755477905273438,6.341430187225342,18.63771629333496,9.909042358398438
2001-09-30,67.10240173339844,5.663879871368408,6.702354431152344,12.334980964660645,15.178045272827148,7.171168804168701,13.73889446258545,6.280822277069092,15.939120292663574,8.657374382019043
2001-10-31,67.9761962890625,5.8172783851623535,6.972315311431885,12.16005802154541,15.447370529174805,7.9534807205200195,13.651175498962402,5.950252056121826,16.0205135345459,9.113420486450195
2001-11-30,73.27678680419922,6.554762363433838,6.58294677734375,12.94973373413086,16.992738723754883,9.14184284210205,14.254240989685059,5.875120162963867,17.878948211669922,10.327031135559082
2001-12-31,73.68997192382812,6.358451843261719,6.959341049194336,13.201969146728516,17.7622127532959,8.940673828125,13.974443435668945,6.063401699066162,18.311508178710938,10.796233177185059
2002-01-31,72.96795654296875,6.5068745613098145,6.71172571182251,13.051373481750488,16.640058517456055,8.843815803527832,13.880908966064453,5.84492301940918,18.175621032714844,11.151079177856445
2002-02-28,71.65919494628906,6.8512163162231445,6.941098690032959,12.825486183166504,17.05685806274414,7.6927103996276855,14.172505378723145,5.8341064453125,19.0113582611084,11.211474418640137
2002-03-31,74.0433349609375,7.0619001388549805,7.555553436279297,13.674028396606445,17.518327713012695,8.072683334350586,14.401053428649902,6.145186901092529,20.114280700683594,11.354111671447754
2002-04-30,69.73727416992188,6.728313446044922,7.283567428588867,13.32650375366211,16.30927848815918,7.096661567687988,13.865845680236816,5.772294521331787,19.991920471191406,11.03661823272705
2002-05-31,69.323486328125,7.0619001388549805,7.155415058135986,13.286216735839844,16.3800106048584,6.802367210388184,13.711355209350586,5.724314212799072,20.2706241607666,10.979917526245117
2002-06-30,64.2069091796875,6.94162130355835,6.893340110778809,12.717926979064941,15.375415802001953,5.893397331237793,12.314177513122559,5.339303493499756,18.82065200805664,10.401606559753418
2002-07-31,59.1461181640625,6.1543684005737305,5.93826961517334,11.660625457763672,14.50510025024414,5.334604263305664,11.788403511047363,4.5532684326171875,18.276704788208008,9.159626007080078
2002-08-31,59.548397064208984,6.121440887451172,6.0277228355407715,11.878161430358887,14.279470443725586,5.289899826049805,11.882489204406738,4.733815670013428,18.4534912109375,9.436038970947266
2002-09-30,53.30461883544922,5.326925754547119,5.597613334655762,10.512935638427734,12.631643295288086,4.407008171081543,11.023575782775879,4.160806179046631,17.3104248046875,8.59481430053711
2002-10-31,57.69071960449219,5.631061553955078,5.70078182220459,11.47420597076416,13.252867698669434,5.498517990112305,11.452489852905273,4.064977169036865,18.319862365722656,9.174880027770996
2002-11-30,61.24912643432617,6.30859375,5.936220169067383,11.901436805725098,13.945274353027344,6.370231628417969,11.134984016418457,4.183093547821045,18.885967254638672,9.599498748779297
2002-12-31,57.78428649902344,6.019644260406494,5.9375996589660645,11.256523132324219,13.397507667541504,5.528299331665039,11.166406631469727,4.318627834320068,18.176206588745117,8.781658172607422
2003-01-31,56.36311721801758,5.719269752502441,5.788695335388184,11.113258361816406,12.675254821777344,5.397563934326172,10.78560733795166,4.217144012451172,18.114580154418945,8.489062309265137
2003-02-28,55.6034049987793,5.567563533782959,5.958870887756348,10.7704439163208,12.480051040649414,5.423710346221924,10.455206871032715,3.9916298389434814,17.71068000793457,8.451062202453613
2003-03-31,55.72234344482422,5.601942539215088,5.966145992279053,10.66982650756836,12.612654685974121,5.341533184051514,10.456449508666992,4.193837642669678,18.34201431274414,8.64972972869873
2003-04-30,60.437103271484375,6.107885360717773,5.915358543395996,12.011265754699707,13.97778034210205,5.830860614776611,10.766144752502441,4.556239128112793,18.94608497619629,9.661974906921387
2003-05-31,63.75127410888672,6.296849250793457,6.543513298034668,12.622873306274414,14.356614112854004,6.3314008712768555,11.295449256896973,5.0166497230529785,19.337358474731445,10.17570686340332
2003-06-30,64.43031311035156,6.353665351867676,6.459485054016113,12.676340103149414,14.656474113464355,6.376222610473633,11.403223991394043,5.0847272872924805,20.191404342651367,10.323223114013672
2003-07-31,65.591796875,6.8532562255859375,6.23118782043457,13.228828430175781,15.140876770019531,6.574193477630615,11.386250495910645,4.744518280029297,19.888484954833984,10.513758659362793
2003-08-31,66.9447250366211,7.043284893035889,6.628692150115967,13.073930740356445,15.730019569396973,6.887965202331543,11.578577995300293,4.838765621185303,19.151880264282227,11.051071166992188
2003-09-30,66.21458435058594,6.726029872894287,6.492011547088623,13.189846992492676,15.29974365234375,6.828195571899414,11.533038139343262,5.079358100891113,19.20172691345215,10.52368450164795
2003-10-31,69.75889587402344,7.366894721984863,6.554099082946777,14.103428840637207,16.245712280273438,7.328731060028076,12.055201530456543,5.114150047302246,19.332910537719727,11.481435775756836
2003-11-30,70.52073669433594,7.533276557922363,6.605386257171631,14.051513671875,16.567602157592773,7.433323860168457,12.197099685668945,5.125746250152588,19.74718475341797,11.584451675415039
2003-12-31,74.06881713867188,8.27176284790039,7.470193862915039,14.688831329345703,17.66564178466797,7.666396617889404,12.414070129394531,5.461585998535156,20.88991928100586,12.048433303833008
2004-01-31,75.53314971923828,7.906057834625244,7.638304710388184,15.16923999786377,17.843881607055664,7.993667125701904,12.414070129394531,5.573957443237305,21.464996337890625,11.97956371307373
2004-02-29,76.5582046508789,8.318249702453613,8.039608001708984,15.602656364440918,17.71184539794922,7.790534496307373,13.120837211608887,5.679301738739014,21.69364356994629,12.239737510681152
2004-03-31,75.54413604736328,8.126447677612305,7.989353179931641,15.4214448928833,17.495189666748047,7.5836405754089355,13.088313102722168,5.739850997924805,20.78923797607422,12.164201736450195
2004-04-30,74.11473083496094,7.750138759613037,8.12550163269043,14.75003433227539,17.48856544494629,7.293987274169922,13.259921073913574,5.494396686553955,21.435218811035156,12.026277542114258
2004-05-31,75.3838119506836,7.967837810516357,8.100994110107422,15.001800537109375,17.919151306152344,7.579875469207764,13.185564041137695,5.560481071472168,21.365751266479492,12.102904319763184
2004-06-30,76.77852630615234,8.367622375488281,8.606215476989746,15.06815242767334,19.02521514892578,7.786772727966309,13.257905960083008,5.6567792892456055,21.285961151123047,12.134188652038574
2004-07-31,74.30484008789062,8.177023887634277,8.8714017868042,14.746551513671875,18.494152069091797,7.3127923011779785,12.6033353805542,5.742486953735352,20.143653869628906,11.673832893371582
2004-08-31,74.48583221435547,8.314505577087402,8.73470401763916,15.226327896118164,18.50742530822754,6.989286422729492,12.82726764678955,5.975808620452881,20.471019744873047,11.650811195373535
2004-09-30,75.23344421386719,8.648658752441406,9.58747673034668,15.086186408996582,18.905296325683594,7.192420482635498,12.489426612854004,6.013735294342041,20.113075256347656,11.986785888671875
2004-10-31,76.20280456542969,8.56704044342041,9.645112991333008,15.165698051452637,19.098474502563477,7.508407115936279,12.57015609741211,6.306624889373779,19.66596221923828,12.470869064331055
2004-11-30,79.59516906738281,9.263956069946289,10.29561996459961,15.637476921081543,20.297542572021484,7.8921003341674805,12.881531715393066,6.58750057220459,20.05019760131836,12.99337100982666
2004-12-31,81.99263763427734,9.387829780578613,10.005217552185059,16.28399658203125,20.80154037475586,8.098600387573242,13.363181114196777,6.749751091003418,21.155853271484375,13.60035228729248
2005-01-31,80.15430450439453,9.100479125976562,10.344046592712402,15.931964874267578,20.219066619873047,7.6420698165893555,13.519505500793457,6.892740249633789,20.49714469909668,13.018411636352539
2005-02-28,81.82982635498047,9.817277908325195,12.079530715942383,15.825295448303223,20.453399658203125,7.653584003448486,13.5021333694458,7.040585041046143,21.113798141479492,12.949042320251465
2005-03-31,80.33291625976562,9.556350708007812,11.848893165588379,15.223185539245605,20.444435119628906,7.503963947296143,13.38382339477539,7.11844539642334,20.9959774017334,12.797722816467285
2005-04-30,78.82787322998047,8.875113487243652,11.207667350769043,15.249988555908203,19.698678970336914,7.23925256729126,13.244282722473145,7.338224411010742,21.727252960205078,11.983391761779785
2005-05-31,81.36808013916016,8.818078994750977,11.519989013671875,15.700407981872559,20.323497772216797,7.74181604385376,13.5524263381958,7.333339691162109,22.001482009887695,12.724396705627441
2005-06-30,81.49137115478516,8.641559600830078,12.323995590209961,15.896111488342285,19.788143157958984,7.6420698165893555,13.290592193603516,7.76992654800415,21.885150909423828,12.669539451599121
2005-07-31,84.60932159423828,9.119179725646973,13.197342872619629,16.144245147705078,20.542491912841797,8.075581550598145,13.717056274414062,7.9447245597839355,22.37885093688965,13.388440132141113
2005-08-31,83.8161849975586,8.73708724975586,14.040200233459473,15.879940032958984,20.057554244995117,7.998857021331787,13.477537155151367,7.996426582336426,22.3012638092041,12.947822570800781
2005-09-30,84.48882293701172,8.804346084594727,14.922821998596191,16.01584243774414,20.393651962280273,8.018040657043457,13.668176651000977,8.334535598754883,22.177684783935547,12.579830169677734
2005-10-31,82.49059295654297,8.823558807373047,13.574288368225098,16.504119873046875,20.1028995513916,7.833895206451416,13.60358715057373,7.801222324371338,21.49856185913086,12.324287414550781
2005-11-30,86.11624908447266,9.499091148376465,13.777259826660156,17.290817260742188,21.272689819335938,8.328782081604004,13.726882934570312,7.788824081420898,21.760313034057617,12.816019058227539
2005-12-31,85.95147705078125,9.770867347717285,14.02519702911377,17.294334411621094,21.373302459716797,8.072973251342773,13.742931365966797,7.855741024017334,22.513225555419922,12.706334114074707
2006-01-31,88.0155258178711,10.241989135742188,16.074199676513672,17.447242736816406,21.434528350830078,8.343356132507324,13.7665376663208,8.045938491821289,22.804218292236328,12.932049751281738
2006-02-28,88.51942443847656,10.022564888000488,14.591108322143555,17.818561553955078,22.10116195678711,8.362669944763184,13.884551048278809,8.151053428649902,23.06682586669922,13.025456428527832
2006-03-31,89.98038482666016,10.489996910095215,15.21031665802002,17.870210647583008,23.078683853149414,8.55194091796875,13.999043464660645,7.773529052734375,22.772165298461914,13.102088928222656
2006-04-30,91.11698913574219,10.86290168762207,15.97642707824707,18.644317626953125,23.577123641967773,8.439927101135254,14.135480880737305,7.897082328796387,22.06720733642578,13.269474029541016
2006-05-31,88.37245178222656,10.425145149230957,15.53185749053955,17.941587448120117,23.174253463745117,7.891430854797363,14.165138244628906,8.025675773620605,21.604354858398438,13.047600746154785
2006-06-30,88.60295867919922,10.478948593139648,15.9260892868042,17.858604431152344,23.144493103027344,7.852800369262695,14.425837516784668,8.209818840026855,21.61189842224121,13.024768829345703
2006-07-31,88.99974822998047,10.087212562561035,16.459306716918945,18.267240524291992,21.830167770385742,7.64807653427124,14.652456283569336,8.603912353515625,22.791128158569336,12.591773986816406
2006-08-31,90.9419174194336,10.39080810546875,15.62301254272461,18.482608795166016,22.07659912109375,8.184988021850586,15.21899127960205,8.840367317199707,23.441490173339844,12.841425895690918
2006-09-30,93.39751434326172,10.389368057250977,15.051376342773438,19.226579666137695,22.91948127746582,8.515137672424316,15.211318969726562,8.711784362792969,23.801219940185547,13.659515380859375
2006-10-31,96.34111022949219,11.01325798034668,15.693413734436035,19.676427841186523,23.56568145751953,8.851873397827148,15.481032371520996,9.17313289642334,23.88010597229004,14.542790412902832
2006-11-30,98.2568588256836,11.492666244506836,17.039453506469727,19.81526756286621,24.143131256103516,9.10345458984375,15.349164962768555,9.416621208190918,23.851415634155273,14.726484298706055
2006-12-31,99.57070922851562,11.565261840820312,16.559391021728516,20.560993194580078,24.2620792388916,9.054420471191406,15.734259605407715,9.497021675109863,24.100719451904297,15.045832633972168
2007-01-31,101.06826782226562,12.033320426940918,16.406871795654297,20.751270294189453,24.767980575561523,9.237375259399414,16.053518295288086,9.463400840759277,24.83475112915039,15.477279663085938
2007-02-28,99.0855712890625,12.355311393737793,16.070777893066406,20.118886947631836,24.490774154663086,8.988245010375977,15.806543350219727,9.965147972106934,24.259048461914062,15.01445484161377
2007-03-31,100.23387145996094,12.647046089172363,17.081266403198242,20.023740768432617,24.689619064331055,9.077775001525879,16.13316535949707,10.323177337646484,24.306406021118164,14.94347858428955
2007-04-30,104.67378997802734,12.836504936218262,17.956871032714844,20.799301147460938,25.83555030822754,9.505974769592285,16.587194442749023,10.83023738861084,26.08333969116211,15.297126770019531
2007-05-31,108.22429656982422,13.594326972961426,19.353858947753906,21.299474716186523,27.17593765258789,9.98477840423584,16.811187744140625,10.879642486572266,26.531187057495117,15.756858825683594
2007-06-30,106.64198303222656,13.522024154663086,19.606155395507812,20.44399642944336,27.183273315429688,9.972309112548828,16.476205825805664,10.363160133361816,25.642986297607422,15.481598854064941
2007-07-31,103.30305480957031,13.16143798828125,19.608993530273438,18.590595245361328,27.440906524658203,9.952835083007812,16.007198333740234,9.949469566345215,24.422937393188477,14.564436912536621
2007-08-31,104.62866973876953,13.071288108825684,19.84486198425293,19.070894241333008,27.447860717773438,10.143712997436523,16.384849548339844,10.106569290161133,24.982118606567383,14.654963493347168
2007-09-30,108.6793212890625,14.124016761779785,21.31321907043457,19.53646469116211,28.748306274414062,10.526982307434082,17.137603759765625,10.494283676147461,25.761545181274414,14.526052474975586
2007-10-31,110.15373229980469,14.710978507995605,21.854598999023438,19.200618743896484,28.377405166625977,11.085144996643066,17.400976181030273,11.193017959594727,26.24251937866211,14.455059051513672
2007-11-30,105.88719177246094,13.969728469848633,20.934246063232422,17.646574020385742,27.5726261138916,10.249855041503906,17.87873077392578,11.266849517822266,26.577747344970703,13.66623592376709
2007-12-31,104.69479370117188,14.119513511657715,22.667884826660156,16.618282318115234,27.53580665588379,10.453963279724121,17.730350494384766,11.246427536010742,25.826223373413086,12.989334106445312
2008-01-31,98.36485290527344,13.526973724365234,19.882606506347656,16.738903045654297,26.016996383666992,9.116827011108398,16.745323181152344,10.420146942138672,24.64866828918457,12.941670417785645
2008-02-29,95.82286834716797,13.838478088378906,21.725177764892578,14.83753776550293,25.489620208740234,8.685493469238281,16.70223617553711,9.992395401000977,23.990386962890625,12.44115924835205
2008-03-31,94.96600341796875,13.643933296203613,21.21761131286621,14.401298522949219,26.415061950683594,8.785903930664062,17.243366241455078,10.152804374694824,22.900239944458008,12.218900680541992
2008-04-30,99.4923095703125,14.370790481567383,23.420738220214844,15.408864974975586,27.191967010498047,9.335025787353516,17.11338996887207,10.67194938659668,23.127992630004883,12.509261131286621
2008-05-31,100.99626922607422,15.118034362792969,24.63833236694336,14.337601661682129,27.43210792541504,9.942975044250488,17.633291244506836,11.054621696472168,23.568801879882812,12.851325035095215
2008-06-30,92.5553970336914,14.238720893859863,25.415769577026367,11.835775375366211,24.133256912231445,9.011581420898438,16.628284454345703,10.97212028503418,22.571619033813477,11.369013786315918
2008-07-31,91.72376251220703,13.77807903289795,21.37131690979004,12.636119842529297,24.324853897094727,8.79130744934082,17.032331466674805,10.265806198120117,23.582836151123047,11.388976097106934
2008-08-31,93.14122772216797,13.56312370300293,21.44312286376953,12.513443946838379,24.991878509521484,8.94864559173584,17.492334365844727,10.15258502960205,24.069997787475586,12.175383567810059
2008-09-30,84.3697738647461,11.463889122009277,18.241479873657227,11.731011390686035,21.97490692138672,7.83472204208374,17.27345848083496,9.037574768066406,22.28133201599121,11.176733016967773
2008-10-31,70.4330062866211,8.896523475646973,14.81219482421875,9.15951156616211,17.965213775634766,6.5716938972473145,15.095505714416504,7.862661361694336,19.723251342773438,9.205780982971191
2008-11-30,65.53040313720703,7.945779800415039,14.489441871643066,7.466798305511475,16.488313674926758,6.019121170043945,15.064209938049316,8.19174575805664,18.47756576538086,8.208291053771973
2008-12-31,66.17235565185547,7.900028228759766,13.83753490447998,7.494473457336426,16.871849060058594,6.11481237411499,15.066617012023926,7.995059490203857,19.806114196777344,8.70660400390625
2009-01-31,60.73866271972656,7.316385269165039,13.591317176818848,5.531067848205566,14.847518920898438,5.825142860412598,13.980968475341797,7.981291770935059,19.56740379333496,7.782255172729492
2009-02-28,54.21235275268555,6.729269504547119,11.9141263961792,4.549363136291504,12.318902969360352,5.602931499481201,12.851122856140137,6.9815673828125,17.142921447753906,7.075877666473389
2009-03-31,58.728843688964844,7.762855529785156,12.362600326538086,5.32656717300415,13.405097007751465,6.229392051696777,13.397085189819336,7.114377021789551,18.172489166259766,7.974348068237305
2009-04-30,64.56328582763672,8.972196578979492,13.329252243041992,6.487406253814697,15.827173233032227,6.87945032119751,13.968525886535645,7.197910308837891,18.149974822998047,9.45152473449707
2009-05-31,68.33726501464844,9.496474266052246,15.04709243774414,7.394311428070068,16.35814666748047,7.038971900939941,14.67965316772461,7.4540863037109375,19.388492584228516,9.382543563842773
2009-06-30,68.29249572753906,9.065598487854004,14.061665534973145,7.262282848358154,16.079362869262695,7.295172214508057,14.708847045898438,7.8544921875,19.84803009033203,9.406315803527832
2009-07-31,73.38752746582031,10.232186317443848,14.813772201538086,7.906466484069824,17.485200881958008,7.892086029052734,15.68773365020752,8.150198936462402,21.024883270263672,10.29885196685791
2009-08-31,76.09842681884766,10.474635124206543,14.974727630615234,8.933517456054688,18.31991958618164,8.020280838012695,15.879673957824707,8.231866836547852,21.590679168701172,10.661581039428711
2009-09-30,78.79664611816406,10.916839599609375,15.849603652954102,9.107514381408691,19.388673782348633,8.391802787780762,16.405431747436523,8.345303535461426,21.72349739074707,11.231842994689941
2009-10-31,77.28176879882812,10.35229778289795,16.240554809570312,8.564966201782227,18.61577606201172,8.287261962890625,16.643850326538086,8.07784366607666,21.268871307373047,10.96607494354248
2009-11-30,82.0428695678711,11.467268943786621,16.702054977416992,8.936822891235352,20.249910354614258,8.745654106140137,17.25599479675293,8.467649459838867,23.246484756469727,11.702057838439941
2009-12-31,83.60992431640625,11.70451831817627,16.84910011291504,8.810911178588867,20.588918685913086,9.253240585327148,17.217788696289062,8.930948257446289,23.672027587890625,12.238790512084961
2010-01-31,80.57135772705078,10.693367958068848,16.107284545898438,8.676300048828125,20.285158157348633,8.458259582519531,17.042152404785156,8.501961708068848,23.8320255279541,11.885232925415039
2010-02-28,83.08474731445312,11.175883293151855,16.59198760986328,8.982234001159668,21.36682891845703,8.752845764160156,17.5820369720459,8.389678955078125,23.923446655273438,12.547125816345215
2010-03-31,88.14289093017578,12.060580253601074,17.059358596801758,9.78155517578125,23.224241256713867,9.351523399353027,18.244430541992188,8.615407943725586,24.561588287353516,13.526658058166504
2010-04-30,89.50650787353516,12.085472106933594,17.7681884765625,9.910343170166016,24.212984085083008,9.468921661376953,18.048465728759766,8.841975212097168,23.606019973754883,14.342206954956055
2010-05-31,82.39480590820312,10.933460235595703,15.733640670776367,9.00271224975586,22.005041122436523,8.76047420501709,17.212343215942383,8.353984832763672,22.069494247436523,13.333067893981934
2010-06-30,78.13162231445312,10.131808280944824,14.80134391784668,8.486973762512207,20.492151260375977,8.287702560424805,16.776630401611328,8.295331001281738,21.666887283325195,12.037199974060059
2010-07-31,83.46807861328125,11.431760787963867,16.040756225585938,9.040067672729492,22.628774642944336,8.905216217041016,17.750329971313477,8.914694786071777,21.951168060302734,12.991745948791504
2010-08-31,79.71363830566406,11.085345268249512,15.254205703735352,8.333333969116211,21.059917449951172,8.40551471710205,17.4213809967041,9.043846130371094,21.590055465698242,12.4752197265625
2010-09-30,86.85234832763672,11.945011138916016,16.77895164489746,8.838644981384277,23.48746109008789,9.385908126831055,18.473262786865234,9.305646896362305,23.546831130981445,13.850173950195312
2010-10-31,90.17027282714844,12.681097984313965,17.730730056762695,8.967989921569824,24.16324806213379,9.928187370300293,19.06297492980957,9.406476974487305,24.071983337402344,14.617094993591309
2010-11-30,90.17027282714844,12.823211669921875,18.76931381225586,8.906400680541992,24.48612403869629,9.765091896057129,18.76479721069336,9.121797561645508,23.37693214416504,14.98604679107666
2010-12-31,96.1983871459961,14.110380172729492,20.518327713012695,9.85976505279541,26.316890716552734,10.307612419128418,19.590373992919922,9.40505313873291,24.45301628112793,15.599849700927734
2011-01-31,98.4398422241211,14.121397018432617,21.991445541381836,10.137935638427734,27.350847244262695,10.634965896606445,19.30297088623047,9.51909351348877,24.59274673461914,15.50393295288086
2011-02-28,101.85938262939453,14.496110916137695,23.61186408996582,10.416109085083008,27.931968688964844,10.868209838867188,19.864418029785156,9.636130332946777,25.361284255981445,16.4338436126709
2011-03-31,101.8716049194336,14.750388145446777,24.056344985961914,10.158272743225098,28.554975509643555,10.699645042419434,20.11191177368164,9.658418655395508,25.819948196411133,16.338293075561523
2011-04-30,104.82194519042969,15.063673973083496,24.27654457092285,10.15207576751709,29.335739135742188,10.978836059570312,21.187414169311523,10.049361228942871,27.480979919433594,16.965879440307617
2011-05-31,103.64640808105469,14.650876998901367,23.259994506835938,9.817387580871582,28.524641036987305,10.863876342773438,21.718442916870117,10.264533996582031,28.159420013427734,16.91985511779785
2011-06-30,101.89791107177734,14.591985702514648,22.812910079956055,9.54786205291748,28.36897850036621,10.594095230102539,21.13968849182129,10.24976634979248,27.842899322509766,16.883024215698242
2011-07-31,99.8594970703125,14.087923049926758,23.14593505859375,9.205759048461914,26.41879653930664,10.639435768127441,20.868932723999023,10.154863357543945,26.737957000732422,16.647899627685547
2011-08-31,94.36967468261719,13.098316192626953,20.781396865844727,8.322504997253418,24.681930541992188,10.07469367980957,20.909543991088867,10.375287055969238,26.17374038696289,15.774564743041992
2011-09-30,87.81842803955078,10.939793586730957,17.78399658203125,7.374485492706299,22.384031295776367,9.765442848205566,20.220447540283203,10.397708892822266,24.999059677124023,14.68687915802002
2011-10-31,97.40357208251953,12.836368560791016,21.18821907043457,8.429765701293945,25.601444244384766,10.762673377990723,21.161252975463867,10.778107643127441,26.440860748291016,16.439525604248047
2011-11-30,97.00774383544922,12.862448692321777,21.540794372558594,7.998908996582031,25.961498260498047,10.601296424865723,21.747549057006836,10.889449119567871,26.692968368530273,16.32156753540039
2011-12-31,98.02132415771484,12.569269180297852,21.100860595703125,8.169548034667969,26.027494430541992,10.577030181884766,22.350017547607422,11.252219200134277,27.48442268371582,16.534955978393555
2012-01-31,102.5670394897461,13.950016021728516,21.5770320892334,8.835679054260254,27.932315826416016,11.233682632446289,22.033586502075195,10.845667839050293,28.363866806030273,17.50959014892578
2012-02-29,107.01899719238281,13.87121868133545,22.8559627532959,9.2755765914917,28.711225509643555,12.031634330749512,22.859067916870117,10.91133975982666,28.664934158325195,18.30200958251953
2012-03-31,110.46112060546875,13.924036979675293,21.985164642333984,9.96083927154541,28.992300033569336,12.574762344360352,23.567909240722656,11.059622764587402,29.948291778564453,19.16598892211914
2012-04-30,109.72377014160156,13.81104850769043,21.82889747619629,9.727581024169922,28.67462158203125,12.433002471923828,23.63705825805664,11.25531005859375,29.868661880493164,19.38701057434082
2012-05-31,103.1341781616211,12.737650871276855,19.497089385986328,8.832369804382324,26.861642837524414,11.644998550415039,23.360441207885742,11.318434715270996,28.78571319580078,18.320114135742188
2012-06-30,107.31949615478516,13.363333702087402,20.434886932373047,9.273918151855469,27.7672061920166,12.025056838989258,24.210643768310547,11.7837553024292,30.429943084716797,18.674938201904297
2012-07-31,108.5889892578125,13.192933082580566,21.444782257080078,9.286587715148926,27.87619400024414,12.246892929077148,24.80947494506836,12.080018997192383,30.734169006347656,18.57255744934082
2012-08-31,111.30946350097656,13.499656677246094,22.02362060546875,9.603323936462402,28.304349899291992,12.761710166931152,24.69109535217285,11.579870223999023,31.09442138671875,19.429954528808594
2012-09-30,114.13124084472656,14.008115768432617,22.70984649658203,9.91674518585205,28.620737075805664,12.957330703735352,25.124835968017578,11.715269088745117,32.27878952026367,20.028549194335938
2012-10-31,112.05423736572266,13.71501350402832,22.24903678894043,10.113937377929688,28.589391708374023,12.133570671081543,24.816301345825195,11.8794584274292,32.206382751464844,19.720355987548828
2012-11-30,112.6884536743164,13.970051765441895,21.976879119873047,10.024882316589355,29.090824127197266,12.242846488952637,25.272096633911133,11.37079906463623,32.375343322753906,20.34531021118164
2012-12-31,113.69525146484375,14.416129112243652,22.200763702392578,10.490959167480469,29.911928176879883,12.194925308227539,24.74728012084961,11.368906021118164,32.258968353271484,20.43704605102539
2013-01-31,119.515380859375,14.984472274780273,24.044084548950195,11.124637603759766,31.632448196411133,12.427410125732422,26.144195556640625,11.909353256225586,34.7099609375,21.595888137817383
2013-02-28,121.04022216796875,14.780948638916016,24.149782180786133,11.259057998657227,32.334869384765625,12.524630546569824,27.009288787841797,12.186092376708984,35.14675521850586,21.94052505493164
2013-03-31,125.6363296508789,15.107890129089355,24.76382827758789,11.695209503173828,33.10140609741211,12.847475051879883,28.33989143371582,12.840353965759277,37.329872131347656,22.900617599487305
2013-04-30,128.050048828125,15.25055980682373,24.439096450805664,12.009907722473145,32.85568618774414,13.072427749633789,29.17361831665039,13.605521202087402,38.450984954833984,23.596269607543945
2013-05-31,131.07330322265625,15.539764404296875,25.135404586791992,12.742059707641602,34.5044059753418,13.437434196472168,28.539405822753906,12.374032020568848,39.08466720581055,24.248720169067383
2013-06-30,129.32424926757812,14.9010591506958,24.56564712524414,12.541935920715332,33.97162628173828,13.048853874206543,28.453123092651367,12.484716415405273,38.85354995727539,24.447784423828125
2013-07-31,136.0072784423828,15.728684425354004,25.858245849609375,13.212560653686523,35.979339599609375,13.535148620605469,29.68679428100586,13.025511741638184,41.63639450073242,25.735187530517578
2013-08-31,131.92808532714844,15.709251403808594,25.591569900512695,12.535490036010742,35.0870246887207,13.394381523132324,28.338380813598633,12.375226020812988,40.167442321777344,25.00263023376465
2013-09-30,136.1031494140625,16.40492820739746,26.132625579833984,12.889188766479492,37.14554977416992,13.733546257019043,28.7269229888916,12.517216682434082,41.455780029296875,26.35850715637207
2013-10-31,142.4055633544922,17.092214584350586,27.22949981689453,13.316458702087402,38.91437530517578,14.4236478805542,30.567459106445312,12.989497184753418,43.242164611816406,27.56708526611328
2013-11-30,146.62619018554688,17.314800262451172,27.245258331298828,13.905570030212402,40.339054107666016,14.869433403015137,31.043825149536133,12.738285064697266,45.282596588134766,28.519180297851562
2013-12-31,150.42767333984375,18.162580490112305,28.027660369873047,14.21811294555664,42.04081344604492,15.395021438598633,31.258014678955078,12.854334831237793,45.6171875,29.17032814025879
2014-01-31,145.1254119873047,17.305927276611328,26.403179168701172,13.697783470153809,40.246864318847656,14.998724937438965,29.643468856811523,13.236888885498047,46.0450553894043,27.420015335083008
2014-02-28,151.73081970214844,18.500520706176758,27.755329132080078,14.114044189453125,41.879920959472656,15.657776832580566,30.799823760986328,13.693918228149414,48.908470153808594,29.174701690673828
2014-03-31,152.9895477294922,18.6533260345459,28.34052085876465,14.584162712097168,42.28053665161133,15.725139617919922,31.475265502929688,14.152789115905762,48.293296813964844,28.338239669799805
2014-04-30,154.0530548095703,18.807193756103516,29.82976722717285,14.336084365844727,42.84608459472656,15.768402099609375,32.337806701660156,14.750166893005371,47.987789154052734,27.952919006347656
2014-05-31,157.6280517578125,19.363481521606445,30.32938575744629,14.55151653289795,43.67021942138672,16.361064910888672,32.92256164550781,14.58973503112793,49.36664581298828,28.758581161499023
2014-06-30,160.88223266601562,19.676105499267578,32.001548767089844,14.904041290283203,43.87760543823242,16.66683578491211,32.83918380737305,15.237798690795898,50.41398239135742,29.316110610961914
2014-07-31,158.72036743164062,19.28369140625,30.892196655273438,14.687758445739746,42.0676155090332,16.94932746887207,31.74994659423828,14.201513290405273,50.480289459228516,28.942733764648438
2014-08-31,164.98406982421875,20.028881072998047,31.566755294799805,15.310399055480957,43.84511184692383,17.505611419677734,33.21453094482422,14.900406837463379,52.9251594543457,30.229772567749023
2014-09-30,162.70791625976562,19.7474422454834,29.119901657104492,15.24863338470459,43.342491149902344,17.415103912353516,33.41008758544922,14.621321678161621,53.155391693115234,29.392133712768555
2014-10-31,166.5398406982422,19.273569107055664,28.091617584228516,15.689567565917969,45.02236557006836,17.694440841674805,34.5951042175293,15.795479774475098,55.94996643066406,30.013561248779297
2014-11-30,171.11505126953125,19.576210021972656,25.649415969848633,16.058120727539062,46.408668518066406,18.545555114746094,36.51335144042969,15.979583740234375,57.89620590209961,31.648662567138672
2014-12-31,170.68096923828125,19.46719741821289,25.595355987548828,16.358448028564453,46.398658752441406,18.141857147216797,36.17171096801758,16.549604415893555,57.08367919921875,31.930334091186523
2015-01-31,165.62384033203125,19.11054801940918,24.4281063079834,15.220697402954102,44.750343322753906,17.505691528320312,35.82109451293945,16.935121536254883,57.826656341552734,30.974407196044922
2015-02-28,174.93263244628906,20.63330078125,25.55008316040039,16.107088088989258,47.14490509033203,18.905263900756836,37.305580139160156,15.852150917053223,60.30602264404297,33.62089920043945
2015-03-31,172.18521118164062,19.621265411376953,25.254919052124023,16.007854461669922,45.94456100463867,18.255760192871094,36.58086013793945,15.694376945495605,60.692378997802734,33.4585075378418
2015-04-30,173.87844848632812,20.280941009521484,26.915136337280273,16.021135330200195,45.829227447509766,18.75797462463379,36.303157806396484,15.620190620422363,60.031044006347656,33.44074630737305
2015-05-31,176.1138458251953,20.35736846923828,25.518600463867188,16.333200454711914,45.9775276184082,19.10599136352539,36.618377685546875,15.71910285949707,62.7349853515625,33.88034439086914
2015-06-30,172.53662109375,19.553348541259766,24.62967300415039,16.257896423339844,44.7569465637207,18.320194244384766,35.946651458740234,14.778468132019043,62.489078521728516,34.06819534301758
2015-07-31,176.43408203125,18.5673885345459,22.735580444335938,16.81138038635254,44.8894157409668,18.842370986938477,37.99320602416992,15.680290222167969,64.3371353149414,35.734169006347656
2015-08-31,165.680419921875,17.52083396911621,21.768875122070312,15.624382019042969,42.46363830566406,17.802452087402344,35.727657318115234,15.134918212890625,59.213016510009766,33.40001678466797
2015-09-30,161.45286560058594,16.220537185668945,20.202959060668945,15.184802055358887,41.527732849121094,17.558231353759766,35.866943359375,15.576469421386719,55.83617401123047,33.20397186279297
2015-10-31,175.18603515625,18.398448944091797,22.45763397216797,16.136369705200195,45.17356491088867,19.4029541015625,37.91149139404297,15.741989135742188,60.14421081542969,36.2042121887207
2015-11-30,175.8263702392578,18.5812931060791,22.45432472229004,16.458026885986328,45.56479263305664,19.54075050354004,37.561866760253906,15.40735912322998,59.95033264160156,36.1192512512207
2015-12-31,172.78762817382812,17.77484893798828,20.092819213867188,16.068893432617188,44.392669677734375,19.134077072143555,38.65779113769531,15.73387336730957,60.9831657409668,35.09234619140625
2016-01-31,164.18516540527344,15.871282577514648,19.38997459411621,14.646096229553223,41.86360168457031,18.42375373840332,38.86451721191406,16.511831283569336,56.2758903503418,33.27397537231445
2016-02-29,164.04953002929688,17.111665725708008,18.847002029418945,14.221272468566895,43.647335052490234,18.30313491821289,38.987022399902344,16.831748962402344,56.072696685791016,33.42213821411133
2016-03-31,175.0845184326172,18.407543182373047,20.762977600097656,15.239394187927246,46.69110870361328,19.91777992248535,40.83436584472656,18.174318313598633,57.59084701538086,35.66056442260742
2016-04-30,175.77455139160156,19.34825325012207,22.645036697387695,15.788021087646484,47.271907806396484,18.916501998901367,40.24947738647461,17.734798431396484,59.29868698120117,35.705650329589844
2016-05-31,178.76470947265625,19.282533645629883,22.43368911743164,16.086030960083008,47.069881439208984,19.841445922851562,40.526527404785156,18.002178192138672,60.624183654785156,35.72367477416992
2016-06-30,179.38609313964844,19.131250381469727,23.044036865234375,15.56602668762207,47.40556716918945,19.568073272705078,42.698158264160156,19.375396728515625,61.17536926269531,35.31658935546875
2016-07-31,185.92855834960938,20.101428985595703,22.75362205505371,16.103958129882812,49.123714447021484,20.957738876342773,42.34975051879883,19.246143341064453,64.15263366699219,36.92723846435547
2016-08-31,186.15118408203125,20.047761917114258,23.135217666625977,16.723600387573242,49.5892333984375,21.201377868652344,42.102012634277344,18.178970336914062,62.07113265991211,36.447669982910156
2016-09-30,186.16201782226562,19.814973831176758,23.988487243652344,16.25503921508789,49.6815299987793,21.646995544433594,41.45128631591797,18.244609832763672,61.75476837158203,36.35047149658203
2016-10-31,182.9344482421875,19.400001525878906,23.312421798706055,16.62562370300293,48.685848236083984,21.483896255493164,41.131900787353516,18.408472061157227,57.68687438964844,35.46940994262695
2016-11-30,189.6735382080078,20.723766326904297,25.28626251220703,18.958600997924805,53.1110725402832,21.520132064819336,39.40249252319336,17.410402297973633,58.87725067138672,37.1724967956543
2016-12-31,193.51852416992188,20.7603759765625,25.723907470703125,19.670766830444336,53.27363967895508,22.006460189819336,40.58321762084961,18.2632999420166,59.298988342285156,37.18698501586914
2017-01-31,196.98146057128906,21.704408645629883,24.89740562438965,19.72153091430664,54.266841888427734,22.789146423339844,41.273868560791016,18.492673873901367,60.65802001953125,38.75397491455078
2017-02-28,204.72120666503906,21.82554054260254,24.37828254699707,20.762182235717773,56.390254974365234,23.822120666503906,43.243778228759766,19.466567993164062,64.50291442871094,39.45750045776367
2017-03-31,204.97711181640625,21.961265563964844,24.016023635864258,20.14842414855957,55.95856475830078,24.3524112701416,43.060997009277344,19.44021987915039,64.19290161132812,40.29951858520508
2017-04-30,207.01173400878906,22.237825393676758,23.308252334594727,19.97861099243164,57.05949401855469,24.84119415283203,43.53437805175781,19.587987899780273,65.17705535888672,41.26633834838867
2017-05-31,209.93328857421875,22.24201202392578,22.483667373657227,19.74087142944336,58.07442855834961,25.82332992553711,44.68622970581055,20.398786544799805,65.67772674560547,41.71996307373047
2017-06-30,211.27157592773438,22.653545379638672,22.458568572998047,21.02666473388672,58.85914993286133,25.09722137451172,43.679237365722656,19.84621238708496,68.67733001708984,41.19455337524414
2017-07-31,215.61410522460938,23.00296974182129,23.04667091369629,21.384639739990234,59.031982421875,26.21633529663086,43.98134994506836,20.327472686767578,69.24067687988281,41.98968505859375
2017-08-31,216.2431640625,23.18400001525879,21.78397560119629,21.052230834960938,59.161598205566406,26.982263565063477,43.49638366699219,20.995891571044922,70.45406341552734,41.208351135253906
2017-09-30,220.60040283203125,24.041107177734375,24.002092361450195,22.132844924926758,61.63719177246094,27.20294189453125,43.185386657714844,20.417085647583008,71.09614562988281,41.5478515625
2017-10-31,225.7986297607422,24.972278594970703,23.802305221557617,22.766189575195312,62.097286224365234,28.97504997253418,42.473365783691406,21.213756561279297,70.55682373046875,42.42880630493164
2017-11-30,232.7003936767578,25.209304809570312,24.219396591186523,23.553585052490234,64.68434143066406,29.38470458984375,44.8414306640625,21.783361434936523,72.60977935791016,44.578147888183594
2017-12-31,235.5224609375,25.745494842529297,25.495620727539062,23.99831199645996,66.04823303222656,29.545089721679688,45.85171127319336,20.463682174682617,72.21009063720703,45.673988342285156
2018-01-31,248.79640197753906,26.774808883666992,26.409446716308594,25.571836471557617,69.59198760986328,31.62409019470215,46.60127639770508,19.82662010192871,76.94373321533203,49.89474868774414
2018-02-28,239.7499542236328,25.362695693969727,23.547985076904297,24.823768615722656,66.90361785888672,31.49473762512207,43.04694366455078,19.057485580444336,73.48519897460938,48.163875579833984
2018-03-31,233.17828369140625,24.31106948852539,23.9537296295166,23.792255401611328,65.10505676269531,30.318782806396484,42.656551361083984,19.78099822998047,71.34192657470703,47.01530838012695
2018-04-30,234.38343811035156,24.34095573425293,26.22791862487793,23.688703536987305,63.290985107421875,30.337326049804688,40.889652252197266,20.184219360351562,72.09566497802734,48.13393020629883
2018-05-31,240.08114624023438,24.840497970581055,27.013235092163086,23.455698013305664,65.23648071289062,32.39502716064453,40.249366760253906,19.961074829101562,72.2271499633789,49.09011459350586
2018-06-30,241.46177673339844,24.908952713012695,27.167085647583008,23.04594612121582,63.02565002441406,32.30978775024414,42.0883674621582,20.522750854492188,73.41839599609375,50.86652374267578
2018-07-31,250.4071502685547,25.621002197265625,27.589231491088867,24.22467613220215,67.68021392822266,32.984161376953125,43.75460433959961,20.850574493408203,78.23026275634766,51.7833137512207
2018-08-31,258.39996337890625,25.423690795898438,26.630470275878906,24.554027557373047,67.83857727050781,35.16078186035156,43.92612075805664,21.119159698486328,81.6170425415039,54.42671203613281
2018-09-30,259.9364013671875,24.96722412109375,27.28184700012207,24.01004409790039,69.3156967163086,35.154014587402344,44.35976791381836,20.982236862182617,84.02818298339844,54.71541976928711
2018-10-31,241.97361755371094,22.674362182617188,24.191301345825195,22.87830924987793,61.78290557861328,32.34002685546875,45.248104095458984,21.39670181274414,78.33209991455078,49.18879699707031
2018-11-30,246.46217346191406,23.536340713500977,23.813079833984375,23.4789981842041,64.13470458984375,31.705347061157227,46.27629089355469,22.153892517089844,84.66403198242188,50.40707778930664
2018-12-31,224.76153564453125,21.915224075317383,20.850929260253906,20.86603546142578,57.298561096191406,29.0495548248291,42.15097427368164,21.268962860107422,76.74485778808594,46.396568298339844
2019-01-31,242.75714111328125,23.14285659790039,23.188709259033203,22.723129272460938,63.84593200683594,31.06492805480957,44.317447662353516,22.00847053527832,80.43527221679688,50.9748420715332
2019-02-28,250.6262969970703,23.880306243896484,23.72315788269043,23.231197357177734,67.91136932373047,33.2115364074707,45.10601806640625,22.912761688232422,81.30467224121094,51.644927978515625
2019-03-31,255.1627960205078,24.179506301879883,24.228010177612305,22.636619567871094,67.1307373046875,34.795284271240234,46.83042907714844,23.552366256713867,81.69650268554688,53.532718658447266
2019-04-30,265.5867919921875,25.029064178466797,24.224342346191406,24.670482635498047,69.79701232910156,37.00996398925781,48.165802001953125,23.77100944519043,79.47933959960938,56.45738983154297
2019-05-31,248.64993286132812,22.98141860961914,21.534788131713867,22.9007568359375,64.4644775390625,33.803157806396484,46.413116455078125,23.584753036499023,77.71627807617188,52.1644172668457
2019-06-30,265.95269775390625,25.638935089111328,23.558012008666992,24.42450523376465,69.57036590576172,36.824581146240234,48.835670471191406,24.336240768432617,82.8409194946289,56.241539001464844
2019-07-31,269.97381591796875,25.56880760192871,23.184545516967773,24.999725341796875,69.9298095703125,38.112770080566406,49.979393005371094,24.30359649658203,81.49957275390625,56.958717346191406
2019-08-31,265.4535827636719,24.845659255981445,21.254348754882812,23.822744369506836,68.07865905761719,37.52766418457031,51.06426239013672,25.540197372436523,81.01669311523438,56.420841217041016
2019-09-30,270.6186218261719,25.635696411132812,22.090557098388672,24.904808044433594,70.1287841796875,38.117916107177734,51.95851516723633,26.626073837280273,80.93115234375,57.13819885253906
2019-10-31,276.6005859375,25.63128662109375,21.627849578857422,25.527429580688477,70.92374420166016,39.60420227050781,51.73858642578125,26.42454719543457,85.0796127319336,57.209205627441406
2019-11-30,286.6130065917969,26.4461727142334,21.97487449645996,26.817136764526367,74.1126708984375,41.729488372802734,52.449180603027344,25.931013107299805,89.33586120605469,57.96663284301758
2019-12-31,294.9407653808594,27.20317268371582,23.29913902282715,27.51687240600586,73.9636001586914,43.53245544433594,53.71464157104492,26.784286499023438,92.44053649902344,59.56834411621094
2020-01-31,294.8216552734375,25.52456283569336,20.73793601989746,26.78380584716797,73.63677978515625,45.27052307128906,53.88520812988281,28.591459274291992,89.97206115722656,59.5208625793457
2020-02-29,271.48193359375,23.349905014038086,17.56748390197754,23.771072387695312,66.34662628173828,41.96535110473633,49.45874786376953,25.772937774658203,84.04592895507812,55.01356887817383
2020-03-31,237.58155822753906,20.08168601989746,11.529372215270996,18.77060317993164,53.98894500732422,38.36558532714844,46.722660064697266,23.1967716217041,80.77874755859375,46.809226989746094
2020-04-30,267.7505187988281,23.131393432617188,15.076265335083008,20.54668617248535,58.74648666381836,43.63566207885742,49.973602294921875,23.971248626708984,90.94676208496094,55.64798355102539
2020-05-31,280.5075378417969,24.723121643066406,15.377788543701172,21.10565948486328,61.91205978393555,46.767154693603516,50.805633544921875,24.988548278808594,93.93788146972656,59.270362854003906
2020-06-30,285.482177734375,25.262453079223633,15.209320068359375,20.995319366455078,63.13349151611328,50.01702117919922,50.69151306152344,23.821016311645508,91.64340209960938,61.092254638671875
2020-07-31,302.2948303222656,27.06018829345703,14.477984428405762,21.802831649780273,65.91798400878906,52.86037063598633,54.20119094848633,25.678401947021484,96.64362335205078,65.53626251220703
2020-08-31,323.3940734863281,28.2392520904541,14.325289726257324,22.737369537353516,71.5053482055664,59.14061737060547,56.690818786621094,25.011430740356445,99.14376068115234,71.79811096191406
2020-09-30,311.2850036621094,28.664993286132812,12.232848167419434,21.959239959716797,71.01754760742188,55.98539352416992,55.74137496948242,25.28188705444336,96.9819564819336,70.4602279663086
2020-10-31,303.52362060546875,28.45779800415039,11.730462074279785,21.767658233642578,69.9935073852539,53.18374252319336,54.14131164550781,26.559179306030273,93.46969604492188,68.53790283203125
2020-11-30,336.5398864746094,31.975608825683594,15.014339447021484,25.43512725830078,81.21167755126953,59.23802947998047,58.18495178222656,26.755035400390625,100.89874267578125,75.38831329345703
2020-12-31,349.00811767578125,32.76911926269531,15.68700122833252,27.039087295532227,82.02931213378906,62.52078628540039,59.14561080932617,26.921022415161133,104.73069763183594,77.21864318847656
2021-01-31,345.45159912109375,31.976940155029297,16.274742126464844,26.552968978881836,78.52767944335938,61.99665832519531,56.19928741455078,26.68488121032715,106.19863891601562,77.80936431884766
2021-02-28,355.05706787109375,33.29422378540039,19.929527282714844,29.634761810302734,83.9376449584961,62.84296417236328,55.50654983520508,25.057592391967773,103.96443176269531,77.39632415771484
2021-03-31,371.17633056640625,35.8214111328125,20.52163314819336,31.369108200073242,91.48098754882812,63.99716567993164,60.22361755371094,27.701688766479492,108.15141296386719,80.84807586669922
2021-04-30,390.81549072265625,37.74884033203125,20.659666061401367,33.40510177612305,94.71466064453125,67.31725311279297,61.343284606933594,28.860971450805664,112.40373229980469,86.06735229492188
2021-05-31,393.3816833496094,39.66719436645508,21.839263916015625,34.998905181884766,97.67887115478516,66.6908187866211,62.427669525146484,28.186166763305664,114.5067367553711,83.14262390136719
2021-06-30,402.2041931152344,37.57943344116211,22.76392364501953,33.93515396118164,95.45228576660156,71.28339385986328,62.087806701660156,27.563732147216797,117.13919830322266,86.01675415039062
2021-07-31,412.0229797363281,38.36014938354492,20.870805740356445,33.77790832519531,96.34715270996094,74.05439758300781,63.454307556152344,28.758174896240234,122.90544891357422,86.92245483398438
2021-08-31,424.28460693359375,39.086082458496094,20.452465057373047,35.51675796508789,97.41914367675781,76.69022369384766,64.11981201171875,29.878503799438477,125.75140380859375,88.47367858886719
2021-09-30,404.5107116699219,36.27634048461914,22.279172897338867,34.86235427856445,91.4962387084961,72.21154022216797,61.46578598022461,28.057941436767578,118.81192016601562,86.57963562011719
2021-10-31,432.8926696777344,39.032264709472656,24.58022689819336,37.39830780029297,97.71507263183594,78.11634826660156,63.61764144897461,29.388809204101562,124.89716339111328,97.04930114746094
2021-11-30,429.4143981933594,38.816734313964844,23.348434448242188,35.26178741455078,94.23625946044922,81.59345245361328,62.76047897338867,28.88808250427246,121.07987213134766,98.63664245605469
2021-12-31,449.27386474609375,41.76029586791992,24.045013427734375,36.448116302490234,99.32276153564453,84.24308013916016,69.3218994140625,31.687129974365234,132.0010986328125,98.78435516357422
2022-01-31,425.57861328125,38.921268463134766,28.55940055847168,36.45744705200195,94.56360626220703,78.4773178100586,68.2970199584961,30.655683517456055,122.95055389404297,89.36686706542969
2022-02-28,413.0167541503906,38.42813491821289,30.57832145690918,35.95342254638672,93.76570892333984,74.64962768554688,67.33511352539062,30.071346282958984,121.76070404052734,85.7332534790039
2022-03-31,428.5422058105469,40.77952194213867,33.43391036987305,35.90668869018555,96.98786926269531,77.14665985107422,68.53456115722656,33.18230056762695,128.74749755859375,89.52838134765625
2022-04-30,390.9295349121094,39.33616256713867,32.86967849731445,32.336639404296875,89.60404205322266,68.6470947265625,70.11495971679688,31.756263732910156,122.45064544677734,78.82369232177734
2022-05-31,391.8119201660156,39.79877471923828,38.14019012451172,33.236183166503906,89.18965148925781,68.17623901367188,67.252197265625,33.12437057495117,124.27391052246094,74.78763580322266
2022-06-30,359.5029296875,34.28413391113281,31.628345489501953,29.626436233520508,82.61906433105469,61.866031646728516,65.67362213134766,31.50278091430664,121.03280639648438,66.68553161621094
2022-07-31,392.60870361328125,36.394283294677734,34.6845817565918,31.755393981933594,90.4704360961914,70.18817138671875,67.77539825439453,33.21874237060547,124.95897674560547,78.98170471191406
2022-08-31,376.5894470214844,35.12725830078125,35.60456085205078,31.1336612701416,87.90690612792969,65.82755279541016,66.51980590820312,33.3939323425293,117.7483901977539,75.43109893798828
2022-09-30,341.7752990722656,31.859399795532227,32.20121383666992,28.75008773803711,78.7374038696289,57.949893951416016,61.10984420776367,29.626766204833984,114.7591323852539,69.24092864990234
2022-10-31,369.5533447265625,34.70289993286133,40.24033737182617,32.178123474121094,89.6773681640625,62.38469696044922,66.61367797851562,30.201120376586914,125.78872680664062,70.00891876220703
2022-11-30,390.0973205566406,38.76437759399414,40.75452423095703,34.38456726074219,96.68238830566406,66.33158874511719,70.68888092041016,32.30406951904297,131.72994995117188,71.04912567138672
2022-12-31,367.61669921875,36.62506866455078,39.511932373046875,32.589542388916016,93.79175567626953,60.88559341430664,68.76079559326172,32.14436340332031,129.25643920898438,62.953102111816406
2023-01-31,390.73516845703125,39.91132736206055,40.623165130615234,34.83841323852539,97.26799011230469,66.52206420898438,68.0136947631836,31.50146484375,126.88731384277344,72.47697448730469
2023-02-28,380.9110107421875,38.581729888916016,37.804439544677734,34.0379638671875,96.42759704589844,66.79605865478516,66.43649291992188,29.636640548706055,120.99772644042969,70.936767578125
2023-03-31,395.0343322753906,38.19550704956055,37.80644607543945,30.788124084472656,97.02458953857422,74.04878234863281,69.23963928222656,31.090621948242188,123.65704345703125,73.10880279541016
2023-04-30,401.3450012207031,38.14341354370117,38.85625076293945,31.764911651611328,95.89305114746094,73.96053314208984,71.7697525024414,31.683137893676758,127.54458618164062,72.28746795654297
2023-05-31,403.19769287109375,35.52474594116211,34.95830154418945,30.414648056030273,92.87242126464844,80.5558090209961,67.34900665283203,29.82293128967285,122.10009002685547,74.12081146240234
2023-06-30,429.3248596191406,39.43449020385742,37.37510299682617,32.4268913269043,103.3239517211914,85.4320068359375,69.2268295288086,30.298940658569336,127.30233001708984,83.18560791015625
2023-07-31,443.3780212402344,40.79069137573242,40.28056335449219,33.9852294921875,106.30852508544922,87.6383285522461,70.70153045654297,31.053640365600586,128.6642608642578,85.11083221435547
2023-08-31,436.17218017578125,39.444007873535156,40.94361114501953,33.07138442993164,104.20006561279297,86.3165054321289,67.91081237792969,29.150693893432617,127.7626724243164,83.62651062011719
2023-09-30,415.4826965332031,37.558963775634766,41.927616119384766,32.050071716308594,98.00273895263672,80.72462463378906,64.65930938720703,27.505884170532227,123.98197174072266,79.00029754638672
2023-10-31,406.463134765625,36.36836242675781,39.51559066772461,31.26742172241211,95.08334350585938,80.76403045654297,63.76662063598633,27.860620498657227,119.93717956542969,74.6424789428711
2023-11-30,443.5909729003906,39.404632568359375,39.23263931274414,34.687904357910156,103.48385620117188,91.17900848388672,66.39772033691406,29.29355812072754,126.45697021484375,82.82811737060547
2023-12-31,463.8432922363281,41.18705368041992,39.262916564941406,36.5103645324707,110.7955551147461,94.99271392822266,68.19820404052734,29.838071823120117,131.9276580810547,87.90726470947266
2024-01-31,471.2306823730469,39.58367919921875,39.06155014038086,37.63675308227539,109.72637176513672,97.55902099609375,69.04084014892578,28.952306747436523,135.79705810546875,84.02835083007812
2024-02-29,495.82269287109375,42.159671783447266,40.34002685546875,39.17096710205078,117.6091079711914,102.14875793457031,70.48944854736328,29.25855255126953,140.0921173095703,90.66036224365234
2024-03-31,512.0371704101562,44.88669967651367,44.57023239135742,41.053367614746094,122.8084716796875,102.95514678955078,72.83012390136719,31.186695098876953,143.4231414794922,90.60165405273438
2024-04-30,491.3918762207031,42.828163146972656,44.15007400512695,39.33793640136719,118.47956085205078,97.02310943603516,72.00987243652344,31.70448875427246,136.23887634277344,86.52706146240234
2024-05-31,516.2463989257812,44.22951889038086,43.999000549316406,40.58552551269531,120.41978454589844,103.88944244384766,73.76480865478516,34.54526138305664,139.5106201171875,86.69950103759766
2024-06-30,534.4596557617188,42.87682342529297,43.37677001953125,40.22760009765625,119.22900390625,112.02958679199219,73.59139251708984,32.63054656982422,142.05531311035156,90.06085205078125
2024-07-31,540.9315185546875,44.736385345458984,44.357093811035156,42.8011474609375,125.08917999267578,108.35022735595703,74.81182098388672,34.85731506347656,145.83697509765625,92.5740737915039
2024-08-31,553.5706176757812,45.77541732788086,43.43864059448242,44.75822067260742,128.6111602783203,109.10787963867188,79.28996276855469,36.53337860107422,153.2150421142578,92.39137268066406
2024-09-30,565.1981811523438,47.003883361816406,42.12761688232422,44.5080680847168,132.93515014648438,111.99765014648438,80.1846923828125,38.94566345214844,150.67555236816406,99.13776397705078
2024-10-31,560.1546630859375,45.545677185058594,42.50666427612305,45.64728546142578,131.35491943359375,110.25141143798828,77.40238189697266,38.526214599609375,143.6808319091797,97.41594696044922
2024-11-30,593.55859375,46.22357177734375,45.83657455444336,50.42021942138672,141.3270263671875,115.95149993896484,80.39723205566406,39.98221969604492,144.20909118652344,109.98815155029297
2024-12-31,579.2774047851562,41.24851989746094,41.44562530517578,47.66656494140625,129.97393798828125,115.54024505615234,76.51984405517578,36.79399490356445,135.19210815429688,111.21279907226562
2025-01-31,594.834716796875,43.52811813354492,42.40362548828125,50.763458251953125,136.47462463378906,114.69053649902344,76.8800048828125,37.85858154296875,144.33135986328125,115.0892562866211
2025-02-28,587.283447265625,43.5134162902832,44.02932357788086,51.46371078491211,134.4820098876953,112.0668716430664,80.8709945678711,38.50997543334961,146.35574340820312,107.05377960205078
2025-03-31,554.5604858398438,42.351478576660156,45.56736755371094,49.304683685302734,129.69044494628906,102.78097534179688,79.9195785522461,38.60216522216797,144.04136657714844,98.15254974365234
2025-04-30,549.7523803710938,41.321998596191406,39.252784729003906,48.26533508300781,129.83888244628906,104.51822662353516,80.07615661621094,38.626644134521484,138.5760498046875,98.05313110351562
2025-05-31,584.301513671875,42.52880096435547,39.755027770996094,50.443016052246094,141.31678771972656,114.94168090820312,81.05471801757812,40.10512924194336,130.85162353515625,106.27476501464844
2025-06-30,614.3265380859375,43.47322082519531,41.6908073425293,52.01636505126953,146.4115753173828,126.26097106933594,79.77812957763672,40.25541687011719,133.607421875,108.2591323852539
2025-07-31,628.4754028320312,43.433616638183594,42.87059783935547,52.01636505126953,150.86782836914062,131.002685546875,78.60564422607422,42.23219680786133,129.28567504882812,110.30146789550781
2025-08-31,641.3713989257812,45.686241149902344,44.43381881713867,53.625431060791016,150.86782836914062,130.85809326171875,79.5909194946289,41.56669616699219,136.22425842285156,115.43722534179688
2025-09-30,664.21728515625,44.57987976074219,44.29243469238281,53.682376861572266,153.70355224609375,140.716552734375,77.74626159667969,43.2807502746582,138.57986450195312,119.58301544189453
2025-10-31,680.050537109375,42.61501693725586,43.69254684448242,52.187599182128906,154.53073120117188,150.1123046875,75.67289733886719,44.218719482421875,143.63833618164062,119.72772216796875
2025-11-30,681.3765869140625,44.47044372558594,44.842742919921875,53.14426040649414,153.1654052734375,142.8932647705078,78.7383041381836,44.978031158447266,156.98150634765625,117.99616241455078
2025-12-31,681.9199829101562,45.349998474121094,44.709999084472656,54.77000045776367,155.1199951171875,143.97000122070312,77.68000030517578,42.689998626708984,154.8000030517578,119.41000366210938
2026-01-31,691.969970703125,49.27000045776367,51.04999923706055,53.439998626708984,165.44000244140625,143.8800048828125,83.51000213623047,43.25,154.74000549316406,121.16999816894531
